question,your_answer,correct_answer,is_correct,explanation
"In a risk management process, which of the following strategies involves transferring the risk to a third party, such as an insurance company or a vendor?",C,C,True,"The correct answer to the question is C: 'Transfer' because, in risk management, the strategy of transferring risk involves shifting the responsibility or financial burden of the risk to a third party. This is commonly done through mechanisms such as purchasing insurance or outsourcing certain operations to a vendor who assumes the associated risks.

Here's a brief overview of the other options to clarify why they are not correct:

- **A: Mitigation** - This strategy involves reducing the likelihood or impact of a risk by implementing measures to minimize it. For example, improving safety protocols to reduce the chance of accidents is mitigation.

- **B: Acceptance** - This strategy means acknowledging the risk and deciding to proceed with the activity despite it, often because the cost of mitigation is higher than the potential impact of the risk. Essentially, the risk is accepted without any action taken to reduce it.

- **D: Avoidance** - This strategy involves eliminating the risk by not engaging in the activity that generates the risk in the first place. For example, a company might avoid a risky venture altogether instead of taking on the associated risks.

In summary, 'Transfer' is the strategy that specifically involves passing the risk to another party, which is why C is the correct answer."
Which of the following protocols is most commonly used for securing email communication to ensure confidentiality and integrity?,A,C,False,"The correct answer to the question is C: **S/MIME**. Here's why:

1. **S/MIME (Secure/Multipurpose Internet Mail Extensions)** is specifically designed for securing email communication. It provides features such as encryption for confidentiality and digital signatures for integrity and authentication. This makes it the most relevant choice for securing email messages.

2. **HTTPS (Hypertext Transfer Protocol Secure)** is a protocol used for secure communication over a computer network, particularly for web traffic. While it ensures secure transmission of data between web browsers and servers, it is not specifically designed for email security.

3. **SSL/TLS (Secure Sockets Layer/Transport Layer Security)** is a protocol that provides a secure channel over a computer network. It is widely used to secure various types of data communications, including web traffic (via HTTPS), but it is not specifically focused on email security. Instead, it is often used as the underlying technology for secure email protocols, but it does not directly provide the email-specific functionalities that S/MIME does.

4. **SSH (Secure Shell)** is a protocol used for secure remote login and command execution. While it secures connections and can be used for file transfers, it is not designed for email communication.

In summary, while SSL/TLS provides the foundation for secure communications and is crucial in many contexts, S/MIME is specifically tailored for email, making it the most appropriate choice for securing email communication regarding confidentiality and integrity."
"When implementing a defense-in-depth strategy, which layer of security would typically involve monitoring network traffic for suspicious activity?",C,C,True,"The correct answer is C: 'Network Security' because this layer of security specifically focuses on protecting the integrity, confidentiality, and availability of networks and the data that is transmitted across them. 

Here's a breakdown of why the other options are not correct:

- **A: Physical Security** - This layer involves protecting the physical infrastructure and hardware of an organization, such as buildings, servers, and other physical assets. While important, it does not deal with monitoring network traffic.

- **B: Application Security** - This layer focuses on protecting software applications from vulnerabilities and attacks. It typically includes measures such as secure coding practices, application firewalls, and testing for vulnerabilities. Although it may involve some monitoring, it is not primarily concerned with network traffic.

- **D: Data Security** - This layer is concerned with protecting data at rest and in transit, including encryption and access controls. While it plays a critical role in overall security, it does not specifically focus on monitoring network traffic.

In contrast, **Network Security** encompasses a wide range of practices and tools, such as intrusion detection systems (IDS), firewalls, and network monitoring solutions, which are explicitly designed to monitor network traffic for suspicious activity. This makes option C the most appropriate choice for the question asked."
What is the primary purpose of a Security Information and Event Management (SIEM) system in an organization's security infrastructure?,B,B,True,"The correct answer to the question regarding the primary purpose of a Security Information and Event Management (SIEM) system is **B: To provide real-time analysis of security alerts**. Here’s why this is the case:

1. **Definition of SIEM**: A SIEM system is designed to collect, analyze, and correlate security data from across an organization’s IT infrastructure in real-time. It aggregates logs and events from various sources such as servers, network devices, domain controllers, and more.

2. **Real-time Analysis**: The core function of a SIEM is to provide real-time monitoring and analysis of security events. This capability allows organizations to quickly identify potential security threats, respond to incidents, and understand the context of security alerts as they occur.

3. **Incident Response**: By delivering real-time insights, a SIEM enables security teams to respond promptly to security incidents, thereby minimizing potential damage. This immediate analysis helps in identifying patterns that could indicate a broader security threat.

4. **Distinction from Other Options**: 
   - **A (To perform vulnerability assessments)**: While vulnerability assessments are important for identifying weaknesses, they are not the primary function of a SIEM. Vulnerability assessments typically occur separately and may not involve real-time analysis.
   - **C (To enforce password policies)**: Enforcing password policies is usually managed by identity management systems or directory services, not by SIEMs.
   - **D (To manage firewall rules)**: Firewall management is generally the responsibility of network security devices and systems, rather than a SIEM, which focuses on analyzing data from multiple sources.

In summary, the primary role of a SIEM is indeed to provide real-time analysis of security alerts, making option B the correct answer."
"In the context of social engineering, which tactic typically involves creating a sense of urgency to manipulate individuals into divulging sensitive information?",D,A,False,"The correct answer to the question is A: Phishing. Here's an explanation of why this is the case:

Phishing is a social engineering tactic that often involves tricking individuals into providing sensitive information, such as passwords, credit card numbers, or other personal data. One common method used in phishing attacks is creating a sense of urgency. Attackers might send an email or message that appears to be from a legitimate source, such as a bank or a popular online service, claiming that immediate action is needed to prevent an account from being compromised or to claim a prize. This urgency can lead individuals to act quickly and without careful consideration, making them more likely to click on malicious links or provide their information.

The other options do not specifically focus on creating a sense of urgency:

- **Pretexting** involves creating a fabricated scenario to obtain information, but it does not necessarily involve urgency.
- **Baiting** refers to enticing individuals with something appealing (like a free download) to compromise their security or gain information, rather than instilling urgency.
- **Tailgating** involves physically following someone into a restricted area and is more about unauthorized access than manipulating individuals through urgency.

Therefore, A: Phishing is the best answer because it specifically involves creating urgency as a means to manipulate individuals into divulging sensitive information."
"When implementing a multi-factor authentication (MFA) system for a mobile application, which of the following methods would most effectively enhance security without significantly compromising user experience?",B,B,True,"The correct answer is B: ""Sending a one-time password (OTP) via SMS or email during login"" because it strikes a balance between enhancing security and maintaining a user-friendly experience.

Here's a breakdown of the reasoning:

- **Option A: Requiring users to answer a security question every time they log in** - This method can be cumbersome and frustrating for users. Security questions may not provide strong security, especially if answers can be easily guessed or found on social media. Additionally, requiring answers for every login can lead to user fatigue and decreased satisfaction.

- **Option B: Sending a one-time password (OTP) via SMS or email during login** - This method adds an extra layer of security by requiring something the user has access to (their phone or email) in addition to their password. It is relatively quick and straightforward for users, as they only need to check their device for a text or email and enter the OTP. This approach is widely used and accepted, making it more user-friendly while still enhancing security effectively.

- **Option C: Mandating complex password changes every 30 days** - While this might seem secure, frequent password changes can lead to user frustration and the potential for weaker passwords (as users may resort to simpler, easier-to-remember passwords). This can also negatively impact user experience.

- **Option D: Implementing device fingerprinting without user awareness** - While device fingerprinting can enhance security by recognizing trusted devices, doing so without user awareness raises privacy concerns. Users may feel uneasy or mistrustful if they are not informed about how their data is being used and could lead to a poor user experience.

In summary, Option B (OTP via SMS or email) is the most effective method for enhancing security without significantly compromising user experience, making it the best choice in this context."
"In a scenario where an organization has suffered a data breach, which of the following steps should be prioritized to mitigate the impact and prevent future occurrences?",B,B,True,"The correct answer to the question is B: ""Conducting a thorough forensic investigation to identify the breach's source"" because this step is essential for understanding how the breach occurred and preventing future incidents.

Here’s why option B is prioritized:

1. **Understanding the Breach**: Conducting a forensic investigation allows the organization to determine the vulnerabilities that were exploited, the extent of the data loss, and the specific data that was compromised. This information is crucial for addressing the root cause of the breach and ensuring that the same vulnerabilities are not exploited again.

2. **Informed Response**: By identifying the source of the breach, the organization can formulate a well-informed response strategy. This includes not only fixing the vulnerabilities but also improving security measures and protocols to safeguard against future breaches.

3. **Legal and Compliance Obligations**: Many organizations are subject to legal and regulatory requirements regarding data breaches. A thorough investigation helps ensure compliance with these regulations and can provide documentation needed for legal purposes.

4. **Mitigating Impact**: Understanding the breach allows the organization to take targeted actions to mitigate any damages, including notifying affected parties appropriately and implementing the necessary security measures to prevent future occurrences.

Now, let’s briefly consider why the other options are less appropriate:

- **A: Informing the public immediately about the breach**: While transparency is important, immediate public disclosure without a complete understanding of the breach can lead to misinformation and panic. It is essential to first determine the facts of the breach.

- **C: Replacing all hardware and software immediately**: This step may be costly and unnecessary if the specific vulnerabilities can be patched. It is more effective to identify and address the exact issues rather than replacing everything.

- **D: Suspending all access to the organization’s network**: While this might be a temporary measure to prevent further damage, it is not a long-term solution. Additionally, it could disrupt business operations significantly. Understanding the breach is crucial to making informed decisions about access control.

In summary, option B is the most strategic step to take in the aftermath of a data breach, as it lays the foundation for effective remediation and future prevention."
"Which of the following best describes ""phishing"" in the context of information security, and how can it be effectively mitigated in an organization?",A,B,False,"The correct answer to the question about phishing in the context of information security is B: ""Creating fake websites to steal credentials; conducting regular security training."" Here's why this answer is the most appropriate:

1. **Definition of Phishing**: Phishing is primarily characterized by the act of tricking individuals into providing sensitive information, such as usernames, passwords, or credit card numbers, by masquerading as a trustworthy entity. While phishing can also involve unsolicited emails, the key feature is the creation of fake websites or communications that mimic legitimate ones to deceive users into entering their credentials.

2. **Effective Mitigation**: The second part of the answer addresses how to effectively mitigate phishing attacks. Regular security training for employees is crucial because it raises awareness about phishing tactics, helping individuals recognize suspicious emails, links, or websites. This training can include simulated phishing attacks and guidance on how to respond to potential threats, making it a proactive approach to reducing the risk of successful phishing attempts.

3. **Comparison with Other Options**:
   - **Option A**: While it mentions unsolicited emails, which can be a part of phishing, it does not highlight the creation of fake websites, which is a core aspect of phishing.
   - **Option C**: This option talks about distributing malware, which is more aligned with other types of cyber threats rather than phishing specifically.
   - **Option D**: While social engineering through phone calls is a form of attack, it is not classified as phishing. A strict password policy is beneficial but does not specifically address the prevention of phishing attacks.

In summary, Option B encapsulates the essence of phishing by focusing on the creation of deceptive websites and highlights a proactive measure (security training) to combat this type of threat effectively."
A company is implementing an intrusion detection system (IDS) to monitor its network for malicious activity. Which of the following is a key consideration in ensuring the IDS is effective?,B,B,True,"The correct answer to the question is B: ""Regularly updating the IDS signatures and rules to recognize new threats."" Here’s why this is the key consideration for ensuring the effectiveness of an Intrusion Detection System (IDS):

1. **Evolving Threat Landscape**: Cyber threats are constantly evolving, with new vulnerabilities and attack methods being developed regularly. By updating signatures and rules, an IDS can recognize and respond to new types of attacks. This is essential for maintaining the system's relevance and effectiveness against potential threats.

2. **Signature-Based Detection**: Most IDS solutions rely on signature-based detection methods, which involve comparing incoming traffic against a database of known attack patterns. If the signatures are outdated, the IDS may fail to detect new or modified attacks, allowing malicious activity to go unnoticed.

3. **Proactive Security**: Regular updates encourage a proactive approach to security. By staying current with the latest threat intelligence and updates, organizations can better defend against emerging threats before they exploit vulnerabilities.

Now let’s briefly analyze why the other options are not ideal considerations:

- **A: Limiting the IDS to monitoring only inbound traffic**: This is not effective because threats can come from both inbound and outbound traffic. A comprehensive approach should monitor both to detect data exfiltration and internal threats.

- **C: Configuring the IDS to automatically block all detected traffic**: This could lead to significant issues, including false positives, where legitimate traffic is blocked. An effective IDS should alert administrators to potential threats instead of taking automatic action that could disrupt normal operations.

- **D: Using a single point of monitoring instead of a distributed approach**: A single point of monitoring can create blind spots in the network, making it easier for attackers to evade detection. A distributed approach is often more effective in providing comprehensive coverage across a network.

In conclusion, option B is the most critical consideration for ensuring the effectiveness of an IDS, as it directly addresses the need to adapt to new threats through regular updates."
"When conducting a risk assessment, which of the following approaches is most effective for prioritizing security vulnerabilities in an organization's systems?",C,C,True,"The correct answer to the question regarding the most effective approach for prioritizing security vulnerabilities in an organization's systems is C: ""Considering the potential business impact and likelihood of exploitation."" Here's why this approach is the most effective:

1. **Business Impact Assessment**: By evaluating vulnerabilities based on their potential impact on the organization, you understand the consequences of exploitation. This includes financial loss, reputational damage, operational disruption, and legal implications. Prioritizing vulnerabilities that could lead to severe business impacts ensures that resources are allocated to addressing the most critical risks.

2. **Likelihood of Exploitation**: Understanding how likely a vulnerability is to be exploited helps in prioritizing efforts. Some vulnerabilities may be theoretically severe but are difficult to exploit in practice, while others may be easily exploitable but have a lower impact. Evaluating both aspects allows organizations to focus on vulnerabilities that pose the greatest threat.

3. **Balanced Risk Management**: Option C promotes a balanced view of risk management. It acknowledges that not all vulnerabilities are created equal and that effective risk management requires a nuanced understanding of both potential impacts and the context in which vulnerabilities exist.

4. **Resource Allocation**: Organizations often have limited resources for security efforts. By prioritizing vulnerabilities based on their business impact and likelihood of exploitation, organizations can allocate resources more effectively, addressing the most pressing issues first and improving overall security posture.

In contrast, the other options have notable shortcomings:
- **A** (Assessing all vulnerabilities equally regardless of impact) fails to prioritize and can lead to inefficient use of resources.
- **B** (Evaluating vulnerabilities based solely on the ease of exploitation) ignores the potential impact, which could lead to overlooking severe vulnerabilities that are harder to exploit.
- **D** (Focusing exclusively on regulatory compliance requirements) can result in a narrow view that misses critical vulnerabilities not covered by regulations but that could still have significant business impacts.

Overall, option C provides a comprehensive and effective framework for prioritizing vulnerabilities, making it the best choice among the provided options."
